{
    "$schema": "https://schema.management.azure.com/schemas/2019-04-01/deploymentTemplate.json#",
    "contentVersion": "1.0.0.0",
    "parameters": {
        "virtualNetworks_TESTRG_name": {
            "defaultValue": "TESTRG",
            "type": "String"
        },
        "localNetworkGateways_Site1_name": {
            "defaultValue": "Site1",
            "type": "String"
        },
        "publicIPAddresses_VNet1GWpip_name": {
            "defaultValue": "VNet1GWpip",
            "type": "String"
        },
        "virtualNetworkGateways_VNet1GW_name": {
            "defaultValue": "VNet1GW",
            "type": "String"
        }
    },
    "variables": {},
    "resources": [
        {
            "type": "Microsoft.Network/localNetworkGateways",
            "apiVersion": "2020-11-01",
            "name": "[parameters('localNetworkGateways_Site1_name')]",
            "location": "centralus",
            "properties": {
                "localNetworkAddressSpace": {
                    "addressPrefixes": [
                        "100.100.100.0/24"
                    ]
                },
                "gatewayIpAddress": "12.69.253.131"
            }
        },
        {
            "type": "Microsoft.Network/publicIPAddresses",
            "apiVersion": "2020-11-01",
            "name": "[parameters('publicIPAddresses_VNet1GWpip_name')]",
            "location": "centralus",
            "sku": {
                "name": "Basic",
                "tier": "Regional"
            },
            "properties": {
                "ipAddress": "52.165.168.88",
                "publicIPAddressVersion": "IPv4",
                "publicIPAllocationMethod": "Dynamic",
                "idleTimeoutInMinutes": 4,
                "ipTags": []
            }
        },
        {
            "type": "Microsoft.Network/virtualNetworks",
            "apiVersion": "2020-11-01",
            "name": "[parameters('virtualNetworks_TESTRG_name')]",
            "location": "centralus",
            "properties": {
                "addressSpace": {
                    "addressPrefixes": [
                        "172.20.0.0/16"
                    ]
                },
                "subnets": [
                    {
                        "name": "FrontEnd",
                        "properties": {
                            "addressPrefix": "172.20.0.0/24",
                            "delegations": [],
                            "privateEndpointNetworkPolicies": "Enabled",
                            "privateLinkServiceNetworkPolicies": "Enabled"
                        }
                    },
                    {
                        "name": "GatewaySubnet",
                        "properties": {
                            "addressPrefix": "172.20.255.0/27",
                            "delegations": [],
                            "privateEndpointNetworkPolicies": "Enabled",
                            "privateLinkServiceNetworkPolicies": "Enabled"
                        }
                    }
                ],
                "virtualNetworkPeerings": [],
                "enableDdosProtection": false
            }
        },
        {
            "type": "Microsoft.Network/virtualNetworks/subnets",
            "apiVersion": "2020-11-01",
            "name": "[concat(parameters('virtualNetworks_TESTRG_name'), '/FrontEnd')]",
            "dependsOn": [
                "[resourceId('Microsoft.Network/virtualNetworks', parameters('virtualNetworks_TESTRG_name'))]"
            ],
            "properties": {
                "addressPrefix": "172.20.0.0/24",
                "delegations": [],
                "privateEndpointNetworkPolicies": "Enabled",
                "privateLinkServiceNetworkPolicies": "Enabled"
            }
        },
        {
            "type": "Microsoft.Network/virtualNetworks/subnets",
            "apiVersion": "2020-11-01",
            "name": "[concat(parameters('virtualNetworks_TESTRG_name'), '/GatewaySubnet')]",
            "dependsOn": [
                "[resourceId('Microsoft.Network/virtualNetworks', parameters('virtualNetworks_TESTRG_name'))]"
            ],
            "properties": {
                "addressPrefix": "172.20.255.0/27",
                "delegations": [],
                "privateEndpointNetworkPolicies": "Enabled",
                "privateLinkServiceNetworkPolicies": "Enabled"
            }
        },
        {
            "type": "Microsoft.Network/virtualNetworkGateways",
            "apiVersion": "2020-11-01",
            "name": "[parameters('virtualNetworkGateways_VNet1GW_name')]",
            "location": "centralus",
            "dependsOn": [
                "[resourceId('Microsoft.Network/publicIPAddresses', parameters('publicIPAddresses_VNet1GWpip_name'))]",
                "[resourceId('Microsoft.Network/virtualNetworks/subnets', parameters('virtualNetworks_TESTRG_name'), 'GatewaySubnet')]"
            ],
            "properties": {
                "enablePrivateIpAddress": false,
                "ipConfigurations": [
                    {
                        "name": "default",
                        "properties": {
                            "privateIPAllocationMethod": "Dynamic",
                            "publicIPAddress": {
                                "id": "[resourceId('Microsoft.Network/publicIPAddresses', parameters('publicIPAddresses_VNet1GWpip_name'))]"
                            },
                            "subnet": {
                                "id": "[resourceId('Microsoft.Network/virtualNetworks/subnets', parameters('virtualNetworks_TESTRG_name'), 'GatewaySubnet')]"
                            }
                        }
                    }
                ],
                "sku": {
                    "name": "VpnGw1",
                    "tier": "VpnGw1"
                },
                "gatewayType": "Vpn",
                "vpnType": "RouteBased",
                "enableBgp": false,
                "activeActive": false,
                "bgpSettings": {
                    "asn": 65515,
                    "bgpPeeringAddress": "172.20.255.30",
                    "peerWeight": 0,
                    "bgpPeeringAddresses": [
                        {
                            "ipconfigurationId": "[concat(resourceId('Microsoft.Network/virtualNetworkGateways', parameters('virtualNetworkGateways_VNet1GW_name')), '/ipConfigurations/default')]",
                            "customBgpIpAddresses": []
                        }
                    ]
                },
                "vpnGatewayGeneration": "Generation1"
            }
        }
    ]
}